legajo,apellido,ciudad_residencia,dni,edad,genero,nombre
1,Brennan,Bossuit,22779399,30,0,Gareth
2,Mooney,Castri di Lecce,16756909,15,1,Logan
3,Shepard,HŽvillers,46298650,24,1,Leandra
4,Garner,Vichy,10681486,16,0,Mary
5,Oneil,Rödermark,13703112,30,1,Myles
6,Wong,Greifswald,29681101,18,0,Maggy
7,Harding,Crewe,36083235,25,1,Abigail
8,Conway,Paderborn,43018537,18,1,Nero
9,Guerrero,Carleton,48323714,27,1,Malachi
10,Bates,LaSalle,40942897,15,1,Justina
11,Yates,Newmarket,13816761,20,0,Eleanor
12,Case,Springdale,21642761,24,1,Melinda
13,Zimmerman,Wandre,42619988,19,0,Zahir
14,Torres,Margate,38848688,16,0,Joshua
15,Oliver,Chittoor,34646251,16,0,Iliana
16,Houston,Elektrostal,17947656,22,0,Olympia
17,Barrera,Leduc,22603376,25,1,Graiden
18,Shaffer,Avellino,49553434,21,0,Murphy
19,Pitts,Grand Island,44169027,26,1,Ezekiel
20,Perez,San Vicente de Cañete,46037673,15,0,Jasper
21,Oneal,Reynosa,32509189,24,1,Aaron
22,Austin,Manokwari,31077446,16,0,Jakeem
23,Hopkins,Bontang,23970823,27,1,Scarlett
24,Mayer,Vespolate,47545461,28,1,Tate
25,Shepherd,Gap,47757957,30,0,Natalie
26,Stout,Southwell,37636242,25,0,Jescie
27,Woodward,Darmstadt,36063598,30,1,Berk
28,Mcfadden,Tranås,36761414,30,1,Trevor
29,Whitfield,Zelem,33036436,19,1,Brandon
30,Johnson,Folkestone,42310196,21,0,Nell
31,Savage,West Jordan,12963407,22,0,Justine
32,Crosby,Mansfield-et-Pontefract,27737298,18,1,Jared
33,Wallace,Bernburg,45130344,17,1,Mira
34,Barber,Elversele,37263318,16,0,Dennis
35,Contreras,Boncelles,45428982,23,1,Renee
36,Steele,Bognor Regis,36428612,28,1,Daquan
37,Hudson,Saint-Nazaire,44341736,25,0,Samantha
38,Ellison,Rodgau,19642452,28,0,Quinn
39,Olson,Plymouth,38601007,16,0,Oliver
40,Cleveland,Midnapore,44138528,21,1,Akeem
41,Garcia,Huntingdon,10977886,16,0,Aspen
42,Ray,Rhayader,49968854,28,1,Dennis
43,Collins,Valledupar,31024412,28,1,Alexander
44,Hess,Uberaba,35082419,17,0,Wade
45,Wolfe,Khanewal,23320480,19,0,Carter
46,Rush,Calder,34985063,21,1,Hall
47,Brooks,Solihull,10994072,28,0,Cameron
48,Steele,Virginia Beach,29042310,15,1,Rama
49,Riddle,Veracruz,43624897,21,0,James
50,Durham,Chambord,21803022,30,0,Judah
51,White,Bahawalpur,15329649,18,0,Nayda
52,Baldwin,Sachs Harbour,10696176,27,0,Len
53,Sanders,Georgia,19064928,17,0,Dolan
54,Wall,Weyburn,44705691,19,1,Chadwick
55,Christensen,Las Condes,35402944,30,1,Leandra
56,Drake,Sittard,37182946,17,0,Kristen
57,Welch,Olinda,36652703,21,0,Roary
58,Russell,Quimper,20978011,24,0,Cailin
59,Reyes,Anjou,15238071,24,1,Aaron
60,Farrell,Assiniboia,40870230,17,0,Brandon
61,Schmidt,Terme,41824847,30,1,Branden
62,Gray,VTM,45019327,17,1,Rigel
63,Mcintyre,Nueva Imperial,32423275,16,1,Brielle
64,Boyer,Nelson,46431799,17,1,Kylynn
65,Olsen,Calarcá,22385388,29,1,Mona
66,Larson,Chiquinquirá,28629920,21,1,Thor
67,Richards,Helena,40987197,21,1,Jordan
68,Gregory,Anand,17857604,19,0,Alec
69,Richardson,Vöcklabruck,14821571,28,0,James
70,Barrett,Stratford,30920801,15,0,Yuli
71,Hines,Eindhout,30761812,26,0,Ivy
72,Bauer,Tarma,39442748,15,1,Wing
73,Hogan,Karabash,35481809,19,0,Jared
74,Hammond,Orta San Giulio,10868999,16,1,Vivian
75,Noble,Boston,24219253,23,1,Eleanor
76,Lewis,Curacaví,36834835,23,1,Iona
77,Dodson,Paulista,13817116,24,0,Sierra
78,Rasmussen,Houston,49275683,29,1,Raja
79,Montgomery,Mörfelden-Walldorf,23274232,30,0,Sawyer
80,Foreman,Leke,35508859,20,0,Elton
81,Randolph,Saint Petersburg,18605622,22,0,Paki
82,Roy,Valbrevenna,27913110,19,0,Carol
83,Dillon,Red Deer,18789487,29,1,Joelle
84,Shepherd,Bünyan,26273621,18,1,Cyrus
85,Dorsey,Fort Worth,37340113,21,0,Laurel
86,Dominguez,Iguala,33446726,18,1,Brent
87,Sanchez,Broken Hill,10914213,15,0,Marvin
88,Orr,Quemchi,10416366,28,0,Maggy
89,Underwood,Villamassargia,27763009,21,0,Isaiah
90,Foley,Ammanford,40119164,24,0,Reed
91,Vinson,Mobile,15511734,24,0,Helen
92,Roach,Astore,30858768,29,0,Darryl
93,Mullen,San Pablo,20923673,18,1,Nicholas
94,Buck,Gibbons,36233254,22,0,Noble
95,Casey,Floreffe,15362591,28,1,Howard
96,Aguilar,Padang Sidempuan,15556235,16,0,Dahlia
97,York,Langley,23159105,16,1,Brady
98,Quinn,Braies/Prags,34558162,26,1,Mallory
99,Holder,Eernegem,29647818,17,0,Daryl
100,Cantu,San Jose,48738689,22,1,Melyssa